Participant_ID,Country,Age,Gender,Education,Income_Level,Bank_Type,Years_with_Account,Frequency_of_Use,Past_Victim
P0001,1,46,1,1,3,1,1.0,4,0
P0002,1,37,1,5,4,1,4.9,2,0
P0003,1,36,2,5,5,1,6.2,3,0
P0004,1,36,2,5,5,3,2.0,5,0
P0005,1,67,2,5,5,1,2.6,2,0
P0006,1,51,2,5,4,1,9.3,4,1
P0007,1,33,1,5,4,2,5.7,1,0
P0008,1,47,2,4,3,3,7.5,2,0
P0009,1,42,1,5,4,1,13.7,2,1
P0010,1,22,1,4,4,2,1.6,2,0
P0011,1,28,1,4,2,2,0.5,3,0
P0012,1,43,1,5,5,2,0.5,5,0
P0013,1,64,1,5,4,1,5.3,2,0
P0014,1,36,1,4,4,2,0.6,1,0
P0015,1,32,1,3,2,1,5.3,4,0
P0016,1,40,2,4,4,2,6.9,2,0
P0017,1,32,1,5,5,2,1.3,1,0
P0018,1,35,1,6,4,1,3.5,2,1
P0019,1,39,1,3,3,2,1.6,2,0
P0020,1,28,2,3,4,1,2.7,3,0
P0021,1,51,1,5,4,2,1.9,2,1
P0022,1,27,1,4,2,2,1.0,1,0
P0023,1,26,1,5,4,1,4.6,5,0
P0024,1,42,1,6,5,1,3.8,3,0
P0025,1,50,1,1,1,3,10.4,3,0
P0026,1,41,1,5,6,1,8.8,1,0
P0027,1,37,1,3,3,1,3.0,3,0
P0028,1,35,1,4,4,1,8.3,1,1
P0029,1,33,1,5,5,2,2.1,1,1
P0030,1,56,2,3,1,2,6.9,2,1
P0031,1,43,2,6,5,1,11.2,1,1
P0032,1,34,1,5,5,1,5.1,3,0
P0033,1,31,1,4,4,1,8.8,1,1
P0034,1,48,2,3,3,1,6.0,3,1
P0035,1,55,1,3,2,2,1.9,1,0
P0036,1,53,1,3,4,2,0.5,1,1
P0037,1,30,2,3,1,1,2.1,1,0
P0038,1,35,1,4,5,1,7.9,4,0
P0039,1,33,1,5,6,2,1.1,3,0
P0040,1,36,1,5,4,3,4.4,2,1
P0041,1,51,2,4,4,3,3.2,4,0
P0042,1,62,1,5,3,2,0.7,2,0
P0043,1,44,2,1,1,1,5.0,5,0
P0044,1,31,3,4,4,1,3.8,2,0
P0045,1,38,1,5,5,1,2.2,3,0
P0046,1,66,1,4,5,1,2.9,1,0
P0047,1,40,1,1,1,2,1.3,1,0
P0048,1,35,1,5,5,2,0.5,4,0
P0049,1,36,1,5,6,2,0.5,2,0
P0050,1,44,2,5,3,2,3.3,1,0
P0051,1,30,2,3,4,1,7.8,1,0
P0052,1,33,2,5,3,2,4.9,2,0
P0053,1,53,1,4,4,1,6.9,3,1
P0054,1,43,2,5,4,1,9.0,2,0
P0055,1,40,2,5,4,2,3.7,4,0
P0056,1,54,2,5,5,1,5.2,1,0
P0057,1,31,1,5,5,2,3.7,1,0
P0058,1,35,2,3,2,1,12.9,4,0
P0059,1,43,1,5,3,2,7.9,1,0
P0060,1,42,1,5,5,2,0.5,1,0
P0061,1,25,1,5,6,1,2.8,2,0
P0062,1,34,2,3,2,2,0.5,3,0
P0063,1,37,2,3,2,1,2.9,1,0
P0064,1,45,1,6,4,1,3.5,4,0
P0065,1,42,1,5,5,2,1.6,3,0
P0066,1,38,1,6,6,2,4.6,1,0
P0067,1,22,1,4,4,3,4.0,4,1
P0068,1,38,1,5,5,1,10.3,2,0
P0069,1,40,1,5,5,2,0.5,1,0
P0070,1,75,2,5,5,1,8.8,3,0
P0071,1,36,1,5,5,3,2.2,5,1
P0072,1,43,1,5,5,1,1.7,1,0
P0073,1,58,1,2,1,3,0.7,3,1
P0074,1,50,2,3,4,1,4.8,2,0
P0075,1,63,2,5,5,1,1.0,2,1
P0076,1,25,2,4,3,2,1.4,1,1
P0077,1,28,1,4,4,1,4.3,1,1
P0078,1,32,2,4,3,2,1.5,2,0
P0079,1,24,1,3,1,2,1.8,2,0
P0080,1,40,2,3,3,2,0.5,1,0
P0081,1,29,2,5,5,2,2.9,3,0
P0082,1,66,2,6,5,1,1.8,4,1
P0083,1,30,2,5,3,1,3.3,2,0
P0084,1,35,2,3,2,1,4.4,2,0
P0085,1,51,1,1,1,2,0.5,2,0
P0086,1,26,2,5,4,1,2.1,1,0
P0087,1,24,1,3,2,1,3.1,2,0
P0088,1,41,2,5,3,1,12.4,3,1
P0089,1,42,1,5,4,1,2.0,1,0
P0090,1,51,1,5,5,1,13.8,1,0
P0091,1,46,1,4,4,1,1.0,1,0
P0092,1,43,1,5,4,1,7.0,1,0
P0093,1,31,1,4,4,3,1.6,1,0
P0094,1,42,2,6,4,2,1.7,5,0
P0095,1,43,1,5,5,2,4.3,1,0
P0096,1,31,1,4,2,1,5.9,1,1
P0097,1,74,2,3,1,3,4.7,2,1
P0098,1,46,1,3,3,2,0.5,4,0
P0099,1,28,2,5,4,2,2.2,2,1
P0100,1,51,2,2,2,1,2.5,2,1
P0101,1,54,2,4,5,1,1.0,4,1
P0102,1,45,2,3,1,3,5.5,3,0
P0103,1,36,1,5,3,2,1.2,1,1
P0104,1,30,2,5,3,2,0.7,1,1
P0105,1,38,1,5,4,1,10.1,2,1
P0106,1,44,1,5,5,2,0.6,1,0
P0107,1,39,2,3,3,1,3.8,3,0
P0108,1,64,1,2,1,3,1.0,2,1
P0109,1,48,2,5,6,1,5.6,3,0
P0110,1,29,2,4,4,2,1.8,1,0
P0111,1,28,2,5,3,1,8.6,1,1
P0112,1,46,2,2,1,2,3.3,1,0
P0113,1,36,1,3,1,1,2.0,4,0
P0114,1,50,1,1,1,3,2.7,3,0
P0115,1,46,2,6,5,2,5.5,2,1
P0116,1,38,1,3,2,1,5.2,2,0
P0117,1,30,2,5,4,1,6.5,1,0
P0118,1,25,2,3,4,1,7.0,1,1
P0119,1,42,2,5,6,2,0.5,1,1
P0120,1,26,1,4,2,2,2.6,1,0
P0121,1,29,1,6,5,2,0.5,1,1
P0122,1,41,1,6,4,1,5.1,3,1
P0123,1,40,1,4,2,2,0.5,1,0
P0124,1,27,2,6,6,2,1.0,2,0
P0125,1,56,1,6,5,2,1.3,1,0
P0126,1,56,1,5,5,1,1.0,2,0
P0127,1,46,1,5,4,1,3.5,3,0
P0128,1,46,2,3,1,1,6.8,2,1
P0129,1,46,2,5,3,1,15.8,2,1
P0130,1,54,1,1,3,1,7.2,3,0
P0131,1,49,1,3,3,1,6.3,4,0
P0132,1,30,1,6,6,1,12.0,1,1
P0133,1,36,1,4,3,1,5.7,1,0
P0134,1,75,2,5,4,3,2.1,4,0
P0135,1,23,2,5,4,2,2.8,1,1
P0136,1,33,1,6,5,2,3.2,2,1
P0137,1,56,1,6,6,2,1.4,1,0
P0138,1,31,3,4,4,1,9.0,1,1
P0139,1,49,1,2,1,3,1.1,4,0
P0140,1,39,2,4,5,1,9.2,2,1
P0141,1,31,1,3,1,2,2.3,1,0
P0142,1,22,1,2,1,1,4.0,2,0
P0143,1,41,1,4,3,3,0.5,4,1
P0144,1,30,1,5,5,1,3.6,3,0
P0145,1,37,2,5,6,1,8.9,1,1
P0146,1,46,1,4,3,3,1.9,3,0
P0147,1,52,1,4,5,1,2.5,3,0
P0148,1,33,1,4,4,2,0.7,3,0
P0149,1,31,1,2,1,3,3.0,4,0
P0150,1,26,1,5,4,2,1.2,1,0
P0151,1,53,1,4,5,3,1.5,4,0
P0152,1,75,2,5,4,3,4.8,4,0
P0153,1,55,1,1,2,1,1.8,1,1
P0154,1,60,1,5,4,2,2.8,1,0
P0155,1,31,2,5,5,2,0.8,1,0
P0156,1,45,1,5,5,1,2.9,3,1
P0157,1,51,2,4,4,1,7.0,1,0
P0158,1,18,1,5,4,2,0.0,2,0
P0159,1,28,2,5,6,3,1.0,5,0
P0160,1,68,2,4,4,3,0.5,4,0
P0161,1,25,2,6,4,2,0.5,4,0
P0162,1,64,3,5,5,1,6.5,5,0
P0163,1,25,1,5,4,1,7.0,1,0
P0164,1,28,2,5,4,2,1.5,2,0
P0165,1,45,1,4,3,2,2.1,1,1
P0166,1,40,1,3,1,1,7.3,4,0
P0167,1,34,1,5,4,1,3.7,1,0
P0168,1,67,2,6,5,1,7.8,5,0
P0169,1,26,1,6,5,2,3.1,2,1
P0170,1,37,2,4,3,3,0.9,4,0
P0171,1,47,2,5,4,1,1.0,1,0
P0172,1,43,2,3,3,1,6.2,1,0
P0173,1,32,2,6,5,2,2.2,2,0
P0174,1,32,1,6,5,1,12.3,1,1
P0175,1,52,1,4,3,3,5.8,4,1
P0176,1,53,1,5,5,1,7.7,1,0
P0177,1,43,1,5,5,1,1.0,3,0
P0178,1,30,1,5,4,1,3.7,2,0
P0179,1,32,1,3,2,2,5.3,2,0
P0180,1,39,1,4,4,2,1.6,2,0
P0181,1,40,2,5,5,2,2.2,1,0
P0182,1,47,2,5,4,1,4.2,1,0
P0183,1,36,1,4,4,1,3.9,1,0
P0184,1,52,2,6,4,1,4.1,3,0
P0185,1,51,1,2,1,3,2.0,3,0
P0186,1,61,1,4,4,1,10.5,3,0
P0187,1,39,2,5,5,2,0.7,1,0
P0188,1,43,1,5,4,2,3.0,1,0
P0189,1,37,1,5,5,2,0.5,1,0
P0190,1,30,3,4,4,2,3.5,1,0
P0191,1,75,2,2,2,2,1.1,1,0
P0192,1,58,2,4,4,1,2.5,5,1
P0193,1,51,2,4,4,1,5.8,4,0
P0194,1,39,2,3,2,2,6.5,1,0
P0195,1,29,1,5,4,1,4.3,3,1
P0196,1,54,1,3,2,2,5.4,3,0
P0197,1,37,1,5,5,2,0.8,1,0
P0198,1,45,1,5,5,2,0.5,1,1
P0199,1,32,2,3,2,1,12.4,1,0
P0200,1,42,1,1,1,2,5.8,2,0
P0201,1,33,2,5,5,1,5.7,5,0
P0202,1,33,2,5,4,1,2.1,3,0
P0203,1,42,2,5,5,3,18.3,1,0
P0204,1,25,2,5,3,2,2.3,1,0
P0205,1,25,2,5,4,2,0.5,2,1
P0206,1,31,1,6,5,1,7.1,4,1
P0207,1,36,2,5,5,2,0.5,2,1
P0208,1,52,1,4,2,2,0.5,2,1
P0209,1,37,2,4,4,1,1.0,1,1
P0210,1,39,1,3,3,2,3.6,3,0
P0211,1,35,2,5,5,1,2.0,3,0
P0212,1,43,2,4,4,2,0.5,1,0
P0213,1,30,1,6,6,2,0.7,2,1
P0214,1,37,1,5,4,1,2.1,1,0
P0215,1,45,3,5,3,1,6.9,1,1
P0216,1,42,1,4,5,1,3.9,1,0
P0217,1,39,2,2,2,1,6.4,1,0
P0218,1,39,2,2,3,3,2.0,2,1
P0219,1,46,1,4,4,2,0.7,1,0
P0220,1,75,1,2,2,1,9.4,2,0
P0221,1,30,1,5,5,1,6.1,2,0
P0222,1,75,2,5,4,1,4.9,2,0
P0223,1,30,1,6,5,2,1.3,1,0
P0224,1,21,1,4,3,1,1.0,3,0
P0225,1,33,1,4,3,1,5.1,2,0
P0226,1,44,2,5,4,2,5.6,1,0
P0227,1,74,2,5,4,1,6.8,4,1
P0228,1,29,3,4,3,1,6.5,3,0
P0229,1,46,1,5,5,2,0.7,3,0
P0230,1,26,2,4,4,2,1.0,1,1
P0231,1,73,2,5,5,1,3.8,1,0
P0232,1,58,2,6,4,2,6.5,2,1
P0233,1,33,2,3,1,2,0.8,1,0
P0234,1,62,1,5,5,1,1.0,2,0
P0235,1,37,1,5,4,1,2.8,1,0
P0236,1,59,2,6,4,1,5.2,4,1
P0237,1,39,1,4,2,1,1.5,1,1
P0238,1,39,2,5,5,2,1.1,3,0
P0239,1,33,2,3,3,2,0.8,3,0
P0240,1,48,1,4,4,3,1.3,3,1
P0241,1,40,2,2,3,3,5.2,4,0
P0242,1,46,1,6,4,1,4.6,3,0
P0243,1,24,1,5,3,1,6.0,4,0
P0244,1,60,2,5,5,2,5.4,1,1
P0245,1,66,2,6,6,1,6.9,3,0
P0246,1,40,1,3,4,2,1.5,1,0
P0247,1,75,1,3,4,2,7.4,4,0
P0248,1,71,2,1,2,3,11.8,3,1
P0249,1,48,2,3,2,3,0.8,3,0
P0250,1,62,2,2,3,1,8.4,3,0
P0251,1,56,1,3,1,3,0.8,4,0
P0252,1,23,1,3,2,2,0.5,2,0
P0253,1,36,1,3,4,1,2.2,1,1
P0254,1,50,2,2,1,3,0.5,3,1
P0255,1,68,1,2,1,1,14.8,5,0
P0256,1,25,1,6,3,3,7.0,4,1
P0257,1,23,2,4,4,1,5.0,3,0
P0258,1,38,1,6,5,2,6.9,1,1
P0259,1,22,3,4,3,1,1.1,2,0
P0260,1,38,2,4,3,2,0.5,2,1
P0261,1,44,2,5,5,1,1.4,4,0
P0262,1,29,1,4,3,1,1.0,1,0
P0263,1,38,1,4,5,1,5.4,4,1
P0264,1,54,2,3,3,3,1.4,3,0
P0265,1,33,2,3,4,1,5.6,1,0
P0266,1,30,2,4,3,1,7.0,2,1
P0267,1,37,1,4,4,2,0.5,1,1
P0268,1,28,2,5,5,2,4.8,2,0
P0269,1,75,2,1,3,3,11.1,1,1
P0270,1,39,2,3,2,1,4.1,1,1
P0271,1,31,2,5,4,2,1.5,3,0
P0272,1,42,2,3,3,1,2.4,1,1
P0273,1,37,2,4,4,1,1.0,1,0
P0274,1,36,1,5,5,2,6.3,1,0
P0275,1,33,1,3,2,2,1.4,2,0
P0276,1,32,1,3,2,2,0.5,3,0
P0277,1,25,1,5,4,1,1.1,2,0
P0278,1,62,1,3,3,1,10.9,3,1
P0279,1,47,1,5,5,1,3.2,3,1
P0280,1,43,1,5,4,3,1.1,1,0
P0281,1,37,1,3,2,1,3.2,1,1
P0282,1,29,2,5,4,1,2.9,2,0
P0283,1,30,2,5,5,1,1.9,2,0
P0284,1,25,1,3,4,2,5.4,2,1
P0285,1,31,2,5,5,1,3.1,2,0
P0286,1,28,2,4,4,3,2.5,3,0
P0287,1,69,1,4,3,1,1.7,1,1
P0288,1,53,1,2,3,3,8.1,2,0
P0289,1,40,1,4,3,1,4.3,3,1
P0290,1,29,2,4,3,2,4.5,1,0
P0291,1,28,2,5,3,2,3.3,2,0
P0292,1,36,1,2,1,1,8.0,1,0
P0293,1,53,1,3,1,3,1.4,4,0
P0294,1,25,1,5,4,2,1.1,3,0
P0295,1,47,1,5,5,3,0.9,2,0
P0296,1,31,1,5,6,2,0.5,1,1
P0297,1,33,1,5,4,1,5.4,5,1
P0298,1,39,2,5,6,1,3.8,2,0
P0299,1,30,2,6,6,1,8.2,3,0
P0300,1,36,1,4,4,1,3.0,1,0
P0301,1,29,2,5,4,1,6.4,3,1
P0302,1,32,1,5,6,1,4.8,1,1
P0303,1,50,1,6,6,1,2.4,5,0
P0304,1,40,1,6,5,2,4.8,2,0
P0305,1,50,2,3,2,1,3.2,4,0
P0306,1,31,2,4,4,1,8.1,3,0
P0307,1,47,2,4,4,1,4.5,3,0
P0308,1,24,1,4,2,1,6.0,2,0
P0309,1,39,2,4,3,1,10.8,4,0
P0310,1,48,1,4,4,1,12.2,5,0
P0311,1,24,2,5,6,3,1.4,3,0
P0312,1,31,1,4,5,2,0.5,4,0
P0313,1,39,1,5,4,1,10.0,3,0
P0314,1,55,2,3,3,1,1.0,2,0
P0315,1,32,2,4,4,2,1.4,1,0
P0316,1,47,1,4,4,2,0.7,1,0
P0317,1,64,2,5,6,2,3.3,1,0
P0318,1,47,1,3,4,1,4.0,1,0
P0319,1,36,2,3,1,1,3.8,2,0
P0320,1,44,2,6,6,1,5.5,2,0
P0321,1,32,2,3,3,1,3.7,2,0
P0322,1,40,2,5,5,2,0.5,4,0
P0323,1,37,2,5,4,2,2.8,1,1
P0324,1,44,1,4,5,2,1.3,1,0
P0325,1,34,2,5,4,3,2.1,1,0
P0326,1,44,1,3,1,1,3.3,1,0
P0327,1,34,1,5,5,2,3.4,2,0
P0328,1,52,1,3,2,3,1.6,4,0
P0329,1,35,1,5,5,3,2.7,4,0
P0330,1,22,2,3,2,3,4.0,2,0
P0331,1,28,1,5,3,2,2.4,2,1
P0332,1,39,2,3,2,1,5.2,2,0
P0333,1,69,1,3,1,3,10.8,2,1
P0334,1,52,1,2,2,1,7.7,1,0
P0335,1,21,1,3,2,2,0.7,1,1
P0336,1,25,1,5,5,3,0.5,2,1
P0337,1,58,1,3,3,1,3.6,1,0
P0338,1,48,2,6,6,1,10.1,5,1
P0339,1,75,1,6,6,1,6.9,2,0
P0340,1,33,2,5,5,2,1.1,1,1
P0341,1,30,1,3,3,1,1.5,1,1
P0342,1,40,1,4,4,2,1.1,2,0
P0343,1,33,2,5,4,3,4.8,1,1
P0344,1,55,1,3,4,3,6.2,4,0
P0345,1,33,1,3,3,1,5.7,5,0
P0346,1,35,1,5,4,2,3.6,1,0
P0347,1,28,1,5,4,2,3.7,1,1
P0348,1,50,2,5,3,1,1.3,1,0
P0349,1,29,1,3,4,1,1.9,3,0
P0350,1,45,2,5,5,1,1.0,2,1
P0351,1,74,2,2,1,3,10.3,2,0
P0352,1,23,1,3,2,2,0.6,1,0
P0353,1,65,2,5,6,2,0.5,2,0
P0354,1,43,1,3,3,1,15.7,2,0
P0355,1,27,2,4,3,2,0.8,1,0
P0356,1,40,1,1,1,1,9.1,3,0
P0357,1,50,2,5,3,1,7.2,3,1
P0358,1,30,1,5,5,2,0.9,3,0
P0359,1,46,1,5,6,1,7.8,1,0
P0360,1,67,2,5,4,2,0.5,3,0
P0361,1,33,2,3,2,1,2.6,3,0
P0362,1,28,1,5,4,2,3.3,1,0
P0363,1,37,1,4,3,1,2.9,3,0
P0364,1,40,2,3,4,2,0.5,1,0
P0365,1,57,2,4,4,1,10.7,4,1
P0366,1,37,2,6,5,1,5.1,1,0
P0367,1,34,2,3,1,3,1.5,4,0
P0368,1,28,2,4,5,1,6.4,2,1
P0369,1,24,2,3,1,2,6.0,4,0
P0370,1,26,1,4,4,3,5.5,2,0
P0371,1,26,1,6,5,1,8.0,5,0
P0372,1,36,2,4,4,1,3.1,4,0
P0373,1,25,2,5,3,2,1.0,1,1
P0374,1,38,1,5,5,3,0.6,4,0
P0375,1,73,1,2,1,3,3.8,5,0
P0376,1,57,2,4,4,1,5.0,2,1
P0377,1,36,1,4,3,2,1.8,1,1
P0378,1,75,1,4,4,1,1.4,2,1
P0379,1,40,1,6,5,3,1.1,2,0
P0380,1,42,1,5,4,3,2.1,1,0
P0381,1,37,1,4,4,1,18.7,1,0
P0382,1,38,1,5,6,1,10.8,1,1
P0383,1,32,1,3,2,1,8.0,2,1
P0384,1,36,2,2,3,1,13.0,1,0
P0385,1,65,1,2,1,3,0.8,4,1
P0386,1,60,2,3,1,1,2.6,3,1
P0387,1,22,2,4,3,1,4.0,1,1
P0388,1,25,1,5,5,1,7.0,3,1
P0389,1,30,2,6,4,3,2.4,4,0
P0390,1,54,1,4,5,1,5.9,5,0
P0391,1,60,2,4,4,1,4.0,1,0
P0392,1,50,1,1,2,1,17.6,2,0
P0393,1,27,2,3,1,3,0.5,5,0
P0394,1,33,2,5,4,2,1.8,4,0
P0395,1,46,1,4,2,1,5.9,3,1
P0396,1,36,1,5,5,1,1.6,3,0
P0397,1,34,2,3,4,1,5.0,1,0
P0398,1,34,2,2,1,1,16.0,3,0
P0399,1,58,1,3,1,3,2.5,2,0
P0400,1,48,2,3,2,3,0.7,2,0
P0401,1,35,1,2,1,2,1.7,3,0
P0402,1,43,2,5,4,2,2.0,1,0
P0403,1,26,1,3,3,1,1.9,2,0
P0404,1,33,2,5,5,2,2.7,4,0
P0405,1,56,1,3,1,3,1.4,2,0
P0406,1,24,1,3,1,1,3.7,5,0
P0407,1,48,1,4,5,1,13.4,5,0
P0408,1,22,1,5,4,2,0.5,2,0
P0409,1,70,1,3,1,1,11.1,1,1
P0410,1,32,1,5,3,1,13.7,2,0
P0411,1,44,2,3,2,2,0.5,1,0
P0412,1,40,1,5,5,3,9.0,2,1
P0413,1,41,1,3,2,1,2.6,2,0
P0414,1,43,1,5,5,2,1.8,4,1
P0415,1,23,1,4,4,2,3.6,1,0
P0416,1,41,1,6,6,2,0.5,2,0
P0417,1,37,1,4,5,2,0.5,1,0
P0418,1,33,1,3,1,2,4.4,2,0
P0419,1,30,1,2,2,2,0.5,4,0
P0420,1,41,2,5,5,2,0.5,1,0
P0421,1,28,2,5,6,2,6.4,1,0
P0422,1,55,1,5,6,1,6.6,3,0
P0423,1,46,1,3,3,1,4.3,3,0
P0424,1,42,2,4,3,1,4.6,3,0
P0425,1,54,1,1,2,1,4.2,2,0
P0426,1,23,2,5,5,2,5.0,1,0
P0427,1,26,1,5,3,1,8.0,5,0
P0428,1,46,2,6,6,1,5.3,4,0
P0429,1,31,2,4,3,2,3.3,2,0
P0430,1,32,2,5,3,1,1.3,4,0
P0431,1,25,2,5,5,2,2.4,1,0
P0432,1,28,1,4,4,1,9.1,2,0
P0433,1,56,1,5,5,3,2.7,2,1
P0434,1,46,2,6,5,2,4.2,1,0
P0435,1,41,2,6,5,2,1.1,2,0
P0436,1,32,1,5,4,2,1.3,1,0
P0437,1,40,1,4,2,2,0.5,2,1
P0438,1,58,1,3,1,1,5.6,4,0
P0439,1,31,1,6,5,1,6.7,3,1
P0440,1,38,2,1,1,1,4.4,3,1
P0441,1,71,1,5,5,1,2.2,4,0
P0442,1,49,1,5,6,1,7.1,1,1
P0443,1,32,1,5,6,2,4.0,2,0
P0444,1,48,1,6,5,1,13.3,3,1
P0445,1,24,1,3,2,1,6.0,3,0
P0446,1,38,2,4,2,2,0.5,1,0
P0447,1,48,2,3,4,1,2.6,1,0
P0448,1,44,2,4,2,2,2.5,4,0
P0449,1,48,1,3,2,1,9.2,2,0
P0450,1,52,2,3,2,3,0.9,4,0
P0451,1,45,2,5,4,1,18.2,3,0
P0452,1,45,2,6,5,1,2.0,3,0
P0453,1,42,1,3,3,1,8.7,4,0
P0454,1,28,1,4,2,2,1.2,2,0
P0455,1,56,1,6,5,2,0.8,1,0
P0456,1,38,1,2,1,2,1.7,2,0
P0457,1,49,1,3,4,1,3.1,4,0
P0458,1,54,1,2,1,3,1.9,3,0
P0459,1,33,1,5,5,2,2.0,1,0
P0460,1,34,2,3,2,1,10.4,1,1
P0461,1,35,1,6,4,1,10.0,4,0
P0462,1,60,1,3,4,1,1.0,1,1
P0463,1,29,2,5,3,2,1.3,2,0
P0464,1,64,2,3,1,1,3.9,2,0
P0465,1,42,2,4,5,3,1.7,3,0
P0466,1,43,3,5,3,1,3.6,3,1
P0467,1,53,2,5,5,1,6.0,1,0
P0468,1,40,2,5,5,2,2.9,2,0
P0469,1,56,1,4,4,3,0.8,4,0
P0470,1,33,1,6,6,2,1.4,3,0
P0471,1,63,1,5,6,1,3.3,1,1
P0472,1,34,1,5,4,2,3.0,3,0
P0473,1,64,1,1,1,3,0.9,4,0
P0474,1,34,2,2,1,2,5.1,4,0
P0475,1,35,2,3,2,1,1.2,2,0
P0476,1,28,2,5,5,2,1.0,2,0
P0477,1,30,1,5,5,1,12.0,4,0
P0478,1,38,2,4,3,3,2.3,4,1
P0479,1,42,2,6,5,1,5.2,2,0
P0480,1,54,1,5,5,3,0.7,2,1
P0481,1,36,2,6,6,2,3.4,1,0
P0482,1,27,1,4,4,2,1.6,1,0
P0483,1,44,1,5,4,2,0.5,1,0
P0484,1,41,2,4,4,1,4.4,1,0
P0485,1,46,1,3,1,1,7.2,4,0
P0486,1,32,1,4,3,1,3.1,1,0
P0487,1,33,2,4,3,2,1.0,2,0
P0488,1,32,2,5,3,2,3.2,1,1
P0489,1,58,1,5,4,2,1.2,1,0
P0490,1,63,1,2,3,1,2.7,1,0
P0491,1,32,1,5,6,1,5.3,1,0
P0492,1,32,2,5,4,2,1.9,2,0
P0493,1,48,1,4,2,3,2.9,4,0
P0494,1,66,1,4,3,2,2.5,1,0
P0495,1,72,2,3,2,2,5.6,2,1
P0496,1,32,2,5,6,2,4.9,1,1
P0497,1,34,1,5,4,1,3.2,4,0
P0498,1,43,1,3,3,3,7.9,4,0
P0499,1,44,2,3,1,2,7.2,2,0
P0500,1,37,1,5,6,1,3.7,3,1
P0501,2,30,1,6,5,2,0.5,3,0
P0502,2,38,2,4,4,1,4.6,1,0
P0503,2,72,1,5,4,3,2.0,3,0
P0504,2,33,2,5,5,1,7.8,4,0
P0505,2,42,1,6,5,2,1.6,2,0
P0506,2,75,1,5,4,1,3.8,2,0
P0507,2,33,1,5,6,2,4.1,2,0
P0508,2,49,1,5,6,2,2.2,1,0
P0509,2,73,1,5,6,1,1.0,2,0
P0510,2,48,1,4,4,1,5.3,3,0
P0511,2,57,2,3,1,3,0.5,3,0
P0512,2,51,3,1,1,1,2.0,3,0
P0513,2,46,2,5,4,1,4.5,4,0
P0514,2,62,2,5,5,1,5.6,1,0
P0515,2,48,1,3,1,3,8.6,3,0
P0516,2,37,2,5,5,1,7.0,2,1
P0517,2,41,1,4,4,2,1.6,2,1
P0518,2,44,2,3,2,2,0.5,1,0
P0519,2,34,3,6,4,1,4.1,3,0
P0520,2,41,2,3,1,1,3.5,4,0
P0521,2,39,3,2,1,1,15.1,2,1
P0522,2,48,2,5,4,1,3.5,4,0
P0523,2,75,1,5,5,1,1.6,5,1
P0524,2,42,1,2,2,1,5.5,1,0
P0525,2,67,2,4,3,2,0.5,1,1
P0526,2,48,1,5,5,3,2.0,5,1
P0527,2,41,2,3,2,1,4.8,5,0
P0528,2,34,3,3,2,1,3.1,1,1
P0529,2,41,1,5,5,1,4.0,1,1
P0530,2,41,2,4,3,2,1.7,1,0
P0531,2,31,2,6,4,2,0.5,5,0
P0532,2,32,2,5,6,1,6.4,1,0
P0533,2,44,2,6,5,1,2.1,2,0
P0534,2,67,2,3,3,2,1.6,3,0
P0535,2,38,2,6,4,2,0.7,1,0
P0536,2,25,2,5,5,1,3.7,3,0
P0537,2,21,1,3,1,2,1.4,1,0
P0538,2,28,1,3,3,1,5.8,4,1
P0539,2,49,2,2,1,1,1.0,2,0
P0540,2,26,1,5,4,2,0.5,2,0
P0541,2,52,2,3,1,3,2.0,4,0
P0542,2,49,2,3,2,2,0.6,1,0
P0543,2,38,1,5,3,3,7.7,1,0
P0544,2,31,2,4,5,2,0.5,1,0
P0545,2,36,2,5,3,2,4.9,1,0
P0546,2,44,1,4,4,1,4.2,3,0
P0547,2,26,1,5,4,2,0.7,3,1
P0548,2,64,1,5,6,3,5.5,3,0
P0549,2,44,1,4,5,1,1.0,3,0
P0550,2,45,2,4,3,3,0.5,4,0
P0551,2,48,1,4,4,2,8.0,3,0
P0552,2,61,2,5,4,2,0.5,1,0
P0553,2,42,1,4,4,1,6.1,1,0
P0554,2,50,1,2,2,3,2.0,2,0
P0555,2,31,2,3,1,2,5.9,2,0
P0556,2,72,2,3,1,1,5.8,2,1
P0557,2,41,1,4,5,3,4.2,3,1
P0558,2,31,1,5,4,1,1.0,1,0
P0559,2,34,1,4,3,1,3.1,3,0
P0560,2,22,1,3,3,1,3.0,1,0
P0561,2,33,2,5,4,2,1.7,1,0
P0562,2,20,1,5,5,2,0.5,1,0
P0563,2,51,1,3,3,1,1.0,1,0
P0564,2,45,1,4,5,3,0.5,3,0
P0565,2,29,2,4,2,1,6.1,2,0
P0566,2,38,3,6,5,1,7.0,2,0
P0567,2,39,1,3,2,1,18.3,3,1
P0568,2,27,2,6,4,2,2.4,1,0
P0569,2,36,1,5,6,3,2.4,1,0
P0570,2,39,1,5,5,2,1.4,3,0
P0571,2,36,2,2,1,3,1.1,3,0
P0572,2,31,2,5,6,1,1.0,2,0
P0573,2,28,2,5,5,2,5.6,1,0
P0574,2,35,2,3,2,1,1.0,2,0
P0575,2,32,1,5,6,2,0.5,2,0
P0576,2,47,2,6,5,1,29.0,3,1
P0577,2,63,1,4,4,1,4.1,3,0
P0578,2,53,2,5,5,1,6.2,1,0
P0579,2,40,1,2,1,3,2.1,2,1
P0580,2,31,2,5,5,2,1.6,3,0
P0581,2,53,1,2,2,1,4.1,5,0
P0582,2,48,1,5,4,1,1.0,1,0
P0583,2,61,2,6,5,1,3.7,2,0
P0584,2,42,1,5,5,2,0.5,1,0
P0585,2,70,1,1,2,3,8.1,1,0
P0586,2,42,1,4,4,1,10.6,2,0
P0587,2,31,1,5,5,3,3.2,1,1
P0588,2,33,1,5,4,2,0.5,2,0
P0589,2,46,1,5,3,1,12.9,2,0
P0590,2,32,2,5,5,2,1.5,1,0
P0591,2,70,1,4,4,1,13.8,1,0
P0592,2,45,2,4,4,2,1.1,3,0
P0593,2,39,2,3,3,2,0.5,1,0
P0594,2,40,1,3,2,3,15.2,4,1
P0595,2,36,2,4,4,1,1.0,2,0
P0596,2,24,1,4,3,2,2.3,2,0
P0597,2,33,2,5,5,2,0.8,1,0
P0598,2,67,1,4,4,1,3.0,1,0
P0599,2,42,1,3,2,1,1.0,1,0
P0600,2,56,2,3,2,2,3.3,1,1
P0601,2,56,2,2,2,1,1.0,2,1
P0602,2,38,2,3,2,1,6.2,3,0
P0603,2,49,1,5,4,2,4.5,1,0
P0604,2,24,2,2,3,3,4.1,1,1
P0605,2,65,1,3,3,1,8.1,2,0
P0606,2,62,1,2,3,1,15.5,3,0
P0607,2,46,1,6,5,1,8.0,5,0
P0608,2,42,2,5,5,2,0.5,2,0
P0609,2,39,1,3,4,1,1.8,2,0
P0610,2,58,1,4,4,2,1.1,2,1
P0611,2,51,2,5,5,1,1.0,4,0
P0612,2,19,1,5,4,2,1.0,3,0
P0613,2,34,1,4,2,1,3.8,2,0
P0614,2,27,1,6,5,2,0.7,1,1
P0615,2,26,2,6,3,1,2.3,2,0
P0616,2,58,1,6,5,1,7.8,2,0
P0617,2,38,1,5,5,1,2.3,3,0
P0618,2,46,2,5,5,2,0.5,2,0
P0619,2,40,2,4,3,2,0.7,1,0
P0620,2,26,1,5,5,1,1.6,3,0
P0621,2,24,2,4,3,2,0.5,3,0
P0622,2,34,2,5,6,2,0.5,1,1
P0623,2,35,2,4,4,1,9.7,3,0
P0624,2,35,1,5,4,1,4.4,2,0
P0625,2,35,2,5,5,1,5.9,4,0
P0626,2,75,2,2,1,3,0.5,4,0
P0627,2,55,1,5,6,2,2.0,2,0
P0628,2,42,1,5,4,1,1.4,3,0
P0629,2,38,1,5,4,1,11.4,4,0
P0630,2,38,1,4,4,2,0.6,1,0
P0631,2,50,2,3,3,3,3.7,2,1
P0632,2,38,1,6,5,1,5.4,3,0
P0633,2,53,1,3,2,3,1.1,2,1
P0634,2,44,2,5,6,1,2.0,2,0
P0635,2,75,1,4,3,1,1.2,4,0
P0636,2,37,2,4,5,2,0.6,2,1
P0637,2,57,1,3,1,2,1.3,1,1
P0638,2,28,1,5,4,2,0.9,1,0
P0639,2,32,1,4,3,2,4.9,1,0
P0640,2,75,1,1,1,3,1.6,2,0
P0641,2,52,1,3,1,3,1.6,2,0
P0642,2,46,2,1,2,2,1.0,3,0
P0643,2,75,2,6,5,1,14.7,2,0
P0644,2,38,1,6,5,1,11.2,2,1
P0645,2,57,2,3,2,3,6.0,3,1
P0646,2,58,2,5,3,1,13.9,5,0
P0647,2,68,2,3,2,3,7.2,3,0
P0648,2,27,1,5,4,2,1.4,1,0
P0649,2,38,1,5,5,1,4.7,1,0
P0650,2,43,1,6,5,1,1.0,3,0
P0651,2,68,2,3,4,1,4.4,3,0
P0652,2,45,2,5,5,3,0.5,3,0
P0653,2,58,1,3,4,1,10.3,2,1
P0654,2,26,1,6,5,1,4.6,1,0
P0655,2,35,2,2,1,2,6.5,2,0
P0656,2,62,2,4,4,1,11.6,2,1
P0657,2,37,3,5,4,1,6.7,1,1
P0658,2,39,2,5,4,1,8.8,1,0
P0659,2,67,1,2,2,2,0.5,1,0
P0660,2,30,2,6,5,2,0.5,1,1
P0661,2,32,2,4,4,1,1.0,3,0
P0662,2,26,1,5,4,2,0.5,1,0
P0663,2,68,2,2,2,3,3.9,2,0
P0664,2,55,2,3,4,1,11.6,1,1
P0665,2,54,1,4,4,1,5.7,5,0
P0666,2,35,2,4,5,1,7.9,4,0
P0667,2,25,2,3,3,1,5.3,1,0
P0668,2,24,2,3,3,2,1.9,1,1
P0669,2,63,1,3,1,1,6.0,1,0
P0670,2,47,1,5,5,2,0.7,2,0
P0671,2,50,2,5,5,1,2.3,1,1
P0672,2,43,1,3,3,1,5.4,3,0
P0673,2,30,2,4,4,2,2.6,2,1
P0674,2,35,2,3,2,1,1.0,4,1
P0675,2,28,1,2,1,3,3.3,2,1
P0676,2,27,1,5,5,1,9.0,3,0
P0677,2,53,1,4,4,2,0.6,3,0
P0678,2,24,1,3,1,1,6.0,1,1
P0679,2,28,2,4,2,2,0.5,1,1
P0680,2,36,2,2,1,1,5.0,1,0
P0681,2,40,2,5,5,2,2.4,1,1
P0682,2,26,2,6,5,1,1.1,1,0
P0683,2,24,1,3,3,2,0.9,2,0
P0684,2,45,2,3,2,1,1.0,2,0
P0685,2,42,2,5,6,3,0.5,5,0
P0686,2,62,2,6,6,1,1.2,1,0
P0687,2,40,2,4,3,1,8.2,5,0
P0688,2,47,1,2,2,2,5.8,1,1
P0689,2,31,2,3,1,1,3.2,4,0
P0690,2,31,1,5,5,1,3.5,2,0
P0691,2,26,1,4,3,3,2.1,1,0
P0692,2,31,1,2,3,3,0.7,4,0
P0693,2,35,2,5,3,1,17.0,2,1
P0694,2,60,2,1,2,3,2.6,4,1
P0695,2,30,2,5,5,2,3.3,2,0
P0696,2,75,2,3,2,1,9.1,2,1
P0697,2,48,2,2,1,3,4.5,3,0
P0698,2,45,2,5,6,1,11.4,3,0
P0699,2,39,1,4,4,3,7.9,1,0
P0700,2,37,1,6,5,1,8.2,3,0
P0701,2,32,1,5,4,2,2.7,3,0
P0702,2,25,2,4,4,1,1.0,1,0
P0703,2,30,2,5,3,1,6.2,1,0
P0704,2,68,1,3,1,1,1.6,3,0
P0705,2,47,1,6,6,3,4.3,3,0
P0706,2,68,2,3,2,3,3.9,3,0
P0707,2,32,1,5,4,2,1.0,1,1
P0708,2,28,2,3,2,1,10.0,2,0
P0709,2,39,2,4,4,1,6.7,1,0
P0710,2,30,1,5,3,1,2.5,2,1
P0711,2,42,1,5,5,1,5.2,3,1
P0712,2,24,2,3,1,1,6.0,2,0
P0713,2,22,2,3,1,2,4.0,2,0
P0714,2,44,2,5,3,1,6.3,5,0
P0715,2,69,2,6,6,1,9.6,3,0
P0716,2,45,1,3,1,1,1.6,4,0
P0717,2,47,1,4,3,1,4.0,2,0
P0718,2,40,2,4,4,1,7.9,3,0
P0719,2,41,2,6,5,3,3.4,1,1
P0720,2,25,1,3,2,2,0.8,1,0
P0721,2,31,2,4,2,2,0.5,1,0
P0722,2,59,2,5,5,1,2.2,2,1
P0723,2,28,1,3,3,1,3.2,4,0
P0724,2,35,1,4,3,1,3.9,2,1
P0725,2,59,2,3,2,3,4.8,4,1
P0726,2,41,1,4,2,2,7.1,2,0
P0727,2,41,1,4,3,1,1.0,3,0
P0728,2,35,1,5,3,1,5.8,2,0
P0729,2,49,2,3,3,1,10.5,3,0
P0730,2,54,2,4,5,1,19.1,2,0
P0731,2,30,2,5,6,3,2.0,1,0
P0732,2,26,1,5,6,2,4.6,5,0
P0733,2,23,2,3,3,1,5.0,1,0
P0734,2,46,2,3,2,1,22.2,1,0
P0735,2,44,2,3,3,1,4.0,4,0
P0736,2,75,2,3,2,1,3.9,2,1
P0737,2,40,1,4,4,1,5.5,3,0
P0738,2,38,2,5,5,2,0.5,1,0
P0739,2,43,1,2,1,3,0.5,3,1
P0740,2,43,2,2,1,1,1.0,2,0
P0741,2,37,1,4,5,2,0.6,1,0
P0742,2,30,1,5,3,1,3.1,2,1
P0743,2,39,1,3,2,1,5.6,3,0
P0744,2,39,2,5,6,1,17.1,2,1
P0745,2,39,1,3,3,1,2.7,4,0
P0746,2,51,2,5,5,1,5.6,1,0
P0747,2,39,1,6,5,1,7.6,2,1
P0748,2,26,1,4,3,2,2.5,2,0
P0749,2,32,2,4,5,3,3.9,5,0
P0750,2,36,1,4,4,1,8.4,1,1
P0751,2,40,1,3,2,1,3.7,3,1
P0752,2,47,2,5,3,1,5.4,4,1
P0753,2,40,1,5,3,2,1.4,1,0
P0754,2,22,1,4,5,1,1.4,4,0
P0755,2,27,1,5,5,2,2.4,1,0
P0756,2,48,2,4,4,1,2.4,3,0
P0757,2,36,2,3,4,1,11.1,4,1
P0758,2,41,2,5,5,2,4.3,2,0
P0759,2,35,2,4,2,1,2.8,2,0
P0760,2,32,1,5,5,1,14.0,1,0
P0761,2,35,1,4,4,1,7.7,4,0
P0762,2,41,2,3,2,2,0.5,2,1
P0763,2,39,1,6,6,1,20.5,1,0
P0764,2,54,1,2,2,1,7.7,3,0
P0765,2,25,1,6,6,3,5.1,3,1
P0766,2,25,1,6,4,1,2.4,1,0
P0767,2,36,3,5,4,2,3.6,1,0
P0768,2,47,1,5,6,2,0.5,1,0
P0769,2,50,1,4,4,1,10.6,3,0
P0770,2,32,1,6,6,1,7.6,3,0
P0771,2,20,2,3,2,1,1.1,2,1
P0772,2,32,1,5,4,2,1.1,3,0
P0773,2,44,1,5,5,2,2.3,3,1
P0774,2,39,2,4,4,2,0.8,2,1
P0775,2,47,2,4,3,3,1.1,1,1
P0776,2,59,1,3,3,1,1.4,3,0
P0777,2,37,1,5,3,1,12.2,2,0
P0778,2,34,1,6,5,1,13.7,2,0
P0779,2,29,1,4,4,2,3.7,2,1
P0780,2,25,1,6,6,1,6.3,2,0
P0781,2,24,1,4,2,1,1.5,4,0
P0782,2,31,1,5,4,2,0.5,1,0
P0783,2,56,1,4,4,1,2.9,3,0
P0784,2,49,2,5,5,3,0.9,1,0
P0785,2,33,2,2,2,3,8.9,5,0
P0786,2,75,2,5,3,1,6.1,1,0
P0787,2,32,1,3,1,3,9.3,1,0
P0788,2,61,1,5,4,1,4.8,2,0
P0789,2,66,2,6,6,1,6.7,2,1
P0790,2,45,1,4,4,1,6.0,1,0
P0791,2,31,1,4,5,1,8.2,3,0
P0792,2,34,2,5,4,2,1.5,1,0
P0793,2,41,2,3,3,1,4.5,1,0
P0794,2,26,2,6,3,2,0.5,1,1
P0795,2,28,1,3,3,1,8.3,4,0
P0796,2,28,1,3,4,2,2.2,2,0
P0797,2,47,2,6,5,2,0.5,2,1
P0798,2,58,1,4,5,1,5.9,3,1
P0799,2,50,2,5,4,1,7.2,2,0
P0800,2,55,2,3,3,1,2.7,1,0
P0801,2,30,2,5,5,1,1.7,1,1
P0802,2,35,1,5,6,2,0.7,3,0
P0803,2,36,1,5,4,2,2.2,4,0
P0804,2,45,2,5,5,1,6.5,2,1
P0805,2,31,2,5,5,1,2.6,1,1
P0806,2,53,2,3,1,1,6.6,1,0
P0807,2,66,1,3,2,3,4.8,3,0
P0808,2,46,1,5,4,1,7.5,3,0
P0809,2,34,2,4,3,3,0.8,1,1
P0810,2,30,2,5,6,2,1.9,4,0
P0811,2,28,2,4,3,1,3.8,2,0
P0812,2,22,1,4,5,2,1.0,4,0
P0813,2,36,2,5,5,3,4.4,4,0
P0814,2,35,2,3,2,2,2.2,3,0
P0815,2,52,2,1,3,1,1.2,3,1
P0816,2,32,1,3,1,1,8.9,3,0
P0817,2,37,1,5,6,2,2.5,2,1
P0818,2,43,2,5,4,2,1.4,2,0
P0819,2,46,1,2,1,3,4.3,4,0
P0820,2,50,1,5,5,2,0.6,5,0
P0821,2,41,2,4,3,2,0.8,2,0
P0822,2,26,1,5,5,3,1.4,4,1
P0823,2,44,2,6,6,1,5.1,4,0
P0824,2,31,1,4,3,2,1.2,1,0
P0825,2,59,2,3,1,3,0.5,1,0
P0826,2,39,2,1,1,3,7.4,3,1
P0827,2,42,1,3,2,2,0.5,2,0
P0828,2,75,1,3,1,1,5.1,4,0
P0829,2,50,1,1,1,3,2.4,3,0
P0830,2,44,1,5,4,2,0.8,2,0
P0831,2,37,2,4,2,1,12.1,3,0
P0832,2,27,2,5,4,2,1.1,1,1
P0833,2,36,1,3,1,1,18.0,3,0
P0834,2,30,1,4,4,1,2.6,4,0
P0835,2,69,1,4,4,1,2.3,1,0
P0836,2,44,2,6,5,1,8.4,3,0
P0837,2,59,1,1,2,2,0.5,2,0
P0838,2,32,2,6,5,2,0.5,1,1
P0839,2,30,2,5,5,2,0.5,1,1
P0840,2,48,2,5,3,2,0.5,5,1
P0841,2,29,1,5,5,1,6.9,2,1
P0842,2,34,2,3,1,1,5.4,1,0
P0843,2,70,1,2,1,3,9.9,2,0
P0844,2,34,1,5,6,1,1.1,3,0
P0845,2,25,2,4,3,3,2.9,4,0
P0846,2,23,2,5,4,2,0.9,2,0
P0847,2,24,1,4,4,2,1.0,1,0
P0848,2,60,1,2,2,3,1.9,5,0
P0849,2,32,1,5,6,1,3.7,2,1
P0850,2,75,1,3,2,1,15.0,2,1
P0851,2,66,1,4,4,1,8.3,2,1
P0852,2,75,1,4,3,1,1.0,2,0
P0853,2,55,1,6,6,3,1.9,4,0
P0854,2,48,2,5,5,1,6.4,4,0
P0855,2,30,2,5,3,2,1.2,1,0
P0856,2,39,2,5,6,2,1.9,3,0
P0857,2,49,1,6,5,1,4.0,3,0
P0858,2,54,2,3,1,1,9.7,4,0
P0859,2,27,2,2,2,1,3.9,2,0
P0860,2,36,2,4,3,2,0.5,2,0
P0861,2,38,2,3,4,1,12.0,1,0
P0862,2,37,2,5,4,2,3.6,3,0
P0863,2,28,2,5,5,2,1.4,1,0
P0864,2,73,1,4,2,3,0.5,4,0
P0865,2,36,2,1,3,3,0.5,2,0
P0866,2,29,2,5,5,1,4.5,2,0
P0867,2,74,2,3,2,3,4.2,4,0
P0868,2,66,2,4,5,2,3.1,3,0
P0869,2,41,1,5,4,1,4.8,3,0
P0870,2,23,1,3,1,3,1.8,4,0
P0871,2,33,2,3,2,1,1.0,2,0
P0872,2,24,2,3,3,1,3.9,2,0
P0873,2,46,2,5,5,1,3.7,2,0
P0874,2,33,1,6,5,3,0.5,1,0
P0875,2,38,1,5,4,1,10.1,2,0
P0876,2,71,2,2,1,3,1.5,4,0
P0877,2,32,2,5,6,2,0.9,2,0
P0878,2,46,2,5,4,1,5.3,3,0
P0879,2,50,1,5,6,1,9.8,3,1
P0880,2,59,2,2,1,3,1.7,1,0
P0881,2,38,1,1,1,1,3.6,1,0
P0882,2,36,2,5,6,2,1.2,2,1
P0883,2,36,1,4,4,1,5.5,1,1
P0884,2,44,1,3,3,1,3.3,1,0
P0885,2,65,2,1,3,3,1.3,3,0
P0886,2,35,2,5,3,1,7.5,3,0
P0887,2,20,1,5,3,2,0.5,1,0
P0888,2,53,2,6,6,1,12.8,3,1
P0889,2,40,1,5,4,1,5.1,3,1
P0890,2,46,1,4,3,1,7.0,2,0
P0891,2,24,1,3,1,2,0.6,3,0
P0892,2,33,1,5,3,1,8.7,3,0
P0893,2,51,1,3,3,1,1.3,3,0
P0894,2,26,1,5,4,2,3.3,2,1
P0895,2,46,1,4,4,1,6.7,1,1
P0896,2,38,2,3,2,1,3.4,3,0
P0897,2,31,1,3,1,3,7.4,3,0
P0898,2,30,2,4,4,2,1.1,4,0
P0899,2,28,1,3,1,2,1.5,3,0
P0900,2,40,2,3,3,2,0.5,2,1
P0901,2,41,1,6,6,1,11.8,1,0
P0902,2,34,1,5,5,2,0.6,1,0
P0903,2,28,1,5,5,2,2.3,1,0
P0904,2,45,1,6,5,1,15.4,2,1
P0905,2,53,1,6,6,1,1.9,2,0
P0906,2,48,2,5,6,1,8.0,2,1
P0907,2,75,2,5,4,1,3.5,1,1
P0908,2,37,2,4,4,3,0.6,5,1
P0909,2,62,2,3,4,1,7.4,1,0
P0910,2,31,1,5,6,2,0.8,4,0
P0911,2,30,1,5,5,1,7.9,4,0
P0912,2,40,1,5,5,1,5.1,2,0
P0913,2,68,1,3,2,3,1.6,4,0
P0914,2,35,1,3,4,1,1.9,2,0
P0915,2,24,2,4,2,2,0.9,2,0
P0916,2,53,1,2,2,1,8.6,2,1
P0917,2,38,1,5,4,2,1.0,1,0
P0918,2,43,2,5,4,1,6.1,2,0
P0919,2,30,2,5,5,1,12.0,2,1
P0920,2,40,1,5,6,1,8.6,2,1
P0921,2,25,2,6,4,1,3.0,1,1
P0922,2,74,2,4,2,1,5.6,2,1
P0923,2,56,1,5,4,1,9.8,1,1
P0924,2,40,1,5,5,2,0.5,1,0
P0925,2,52,1,2,2,3,7.4,2,0
P0926,2,31,2,2,1,2,0.8,1,0
P0927,2,55,2,3,2,1,7.2,1,0
P0928,2,35,1,4,2,1,17.0,4,0
P0929,2,34,1,5,4,3,1.1,1,0
P0930,2,29,2,5,5,2,0.5,2,0
P0931,2,45,1,3,2,3,1.9,2,0
P0932,2,39,1,3,3,1,2.6,4,0
P0933,2,63,2,6,6,1,1.6,2,1
P0934,2,28,2,3,3,1,5.2,2,0
P0935,2,45,2,4,5,1,9.5,2,1
P0936,2,58,2,4,2,3,0.8,3,0
P0937,2,75,2,4,3,3,4.1,3,1
P0938,2,41,1,3,4,1,10.1,1,1
P0939,2,35,2,2,2,2,1.2,5,0
P0940,2,41,1,3,1,3,5.3,3,0
P0941,2,61,2,4,3,1,4.1,2,0
P0942,2,61,1,4,3,1,13.1,3,1
P0943,2,37,2,3,3,1,1.7,2,1
P0944,2,61,1,4,4,1,8.1,4,1
P0945,2,39,1,5,6,1,3.8,2,0
P0946,2,52,1,1,1,2,1.2,2,0
P0947,2,47,1,4,4,1,3.1,1,1
P0948,2,34,2,5,5,1,6.3,4,0
P0949,2,29,2,4,3,1,3.2,3,0
P0950,2,59,1,3,1,2,5.1,1,0
P0951,2,66,1,4,4,2,1.7,1,1
P0952,2,45,1,6,5,1,11.9,2,0
P0953,2,39,1,5,5,1,2.8,5,0
P0954,2,27,1,5,4,3,0.5,2,0
P0955,2,58,2,5,5,3,6.4,3,1
P0956,2,43,1,4,5,1,18.1,1,1
P0957,2,36,1,5,5,1,2.5,2,0
P0958,2,52,1,3,2,3,5.2,4,0
P0959,2,26,1,4,4,2,1.3,4,0
P0960,2,28,1,5,4,3,3.4,3,1
P0961,2,31,2,5,5,2,1.2,3,0
P0962,2,46,1,4,4,1,5.0,2,0
P0963,2,41,1,6,5,1,9.8,1,1
P0964,2,48,1,2,2,1,1.3,2,0
P0965,2,57,1,3,3,1,3.4,3,0
P0966,2,49,1,2,1,2,0.5,4,0
P0967,2,75,2,5,5,1,12.6,4,0
P0968,2,57,2,5,4,1,5.4,1,1
P0969,2,37,2,4,4,2,0.6,1,0
P0970,2,33,1,5,4,1,5.7,1,0
P0971,2,38,1,4,2,2,0.6,4,0
P0972,2,50,2,5,5,1,4.1,4,0
P0973,2,34,2,5,5,2,0.9,2,0
P0974,2,50,2,3,2,3,12.6,3,0
P0975,2,48,1,6,6,1,2.2,2,0
P0976,2,29,1,4,3,3,0.5,3,0
P0977,2,56,1,2,1,1,4.6,2,0
P0978,2,44,2,5,5,1,9.8,2,1
P0979,2,73,2,6,6,1,7.8,1,0
P0980,2,39,2,4,4,1,4.6,1,1
P0981,2,35,1,2,1,3,3.5,4,1
P0982,2,28,2,4,2,2,0.6,3,0
P0983,2,28,1,5,5,2,5.9,1,0
P0984,2,54,1,2,3,1,1.0,2,0
P0985,2,70,1,4,3,2,6.7,1,1
P0986,2,37,2,6,6,1,4.9,3,0
P0987,2,37,1,4,5,2,1.2,3,0
P0988,2,40,1,4,3,1,3.8,3,0
P0989,2,58,2,3,2,1,1.0,3,0
P0990,2,29,1,3,3,1,1.2,1,1
P0991,2,42,1,6,5,3,6.3,2,0
P0992,2,54,1,3,2,1,7.8,2,0
P0993,2,46,1,4,4,1,1.3,2,0
P0994,2,19,2,4,4,2,1.0,2,0
P0995,2,49,1,4,4,1,2.4,2,0
P0996,2,46,1,5,3,1,3.5,1,0
P0997,2,62,2,1,1,2,2.3,1,0
P0998,2,68,2,5,4,1,6.7,5,0
P0999,2,61,2,6,5,3,0.5,2,1
P1000,2,40,1,5,5,2,4.3,2,0
