Manufacturer,Company_Type,Headquarters,Technology_Focus,Market_Presence_Nigeria,Product_Portfolio,Power_Range_kW,Efficiency_Range_%,Technology_Maturity,Commercial_Availability,Warranty_Years,Maintenance_Interval_hours,Service_Network_Nigeria,Local_Partnership,Cost_Range_USD_per_kW,Delivery_Time_months,Nigerian_Certification,Grid_Code_Compliance,Technical_Support_Level
Bloom_Energy,Public_Company,USA_California,Planar_SOFC,Low,ES_5400_ES_5700_Energy_Server,100_400,50_60,Commercial,Available,10,8760,Limited,None,4500_6500,6_9,Pending,Partial,Remote_Only
Siemens_Energy,Public_Company,Germany_Munich,Industrial_SOFC,Medium,SGT_A05_SOFC_Systems,30_300,45_58,Commercial,Available,15,4380,Established,Siemens_Nigeria,5200_7800,4_8,Yes,Full,Local_Remote
Rolls_Royce,Public_Company,UK_London,Tubular_SOFC,Low,mtu_EnergyPack_SOFC,50_500,48_55,Commercial,Limited,12,6570,None,None,5800_8200,8_12,No,Limited,Remote_Only
Ceres_Power,Public_Company,UK_Horsham,Steel_Cell_Technology,Very_Low,SteelCell_Stacks,0.5_10,45_55,Commercial,Available,5,2190,None,None,3500_5500,3_6,No,None,Remote_Only
Convion,Private_Company,Finland_Espoo,Metal_Supported_SOFC,Very_Low,C50_C200_Systems,25_200,50_60,Commercial,Limited,8,5840,None,None,4800_7200,6_10,No,Partial,Remote_Only
Solid_Power,Private_Company,USA_Colorado,Ceramic_SOFC,Very_Low,SP_Series_Systems,5_100,48_58,Pre_Commercial,Development,7,4380,None,None,5500_8000,9_15,No,None,Remote_Only
FuelCell_Energy,Public_Company,USA_Connecticut,Carbonate_SOFC_Hybrid,Low,DFC_SOFC_Systems,1400_2800,55_65,Commercial,Available,20,8760,None,None,3800_5200,12_18,No,Limited,Remote_Only
Mitsubishi_Power,Public_Company,Japan_Yokohama,Hybrid_SOFC_GT,Very_Low,MHPS_SOFC_Systems,200_1000,52_62,Commercial,Limited,15,8760,None,Mitsubishi_Nigeria,6500_9500,10_16,Pending,Partial,Remote_Only
Hexis,Private_Company,Switzerland_Winterthur,Micro_CHP_SOFC,Very_Low,Galileo_1000_N,1_6,35_45,Commercial,Available,10,2920,None,None,8500_12000,4_8,No,None,Remote_Only
Viessmann,Private_Company,Germany_Allendorf,Micro_CHP_SOFC,Very_Low,Vitovalor_300_P,0.75_1,35_40,Commercial,Available,10,2920,None,None,9000_13000,3_6,No,None,Remote_Only
Bosch,Public_Company,Germany_Stuttgart,Micro_SOFC,Very_Low,Innotech_SOFC,0.5_2,40_50,Pre_Commercial,Development,5,1460,None,None,7500_11000,6_12,No,None,Remote_Only
Doosan_Fuel_Cell,Public_Company,South_Korea_Seoul,Large_Scale_SOFC,Very_Low,PAFC_SOFC_Hybrid,100_2800,45_55,Commercial,Available,10,8760,None,None,4200_6800,8_14,No,Partial,Remote_Only
Sunfire,Private_Company,Germany_Dresden,Reversible_SOEC_SOFC,Very_Low,HyLink_SOEC,10_150,40_50,Pre_Commercial,Development,5,4380,None,None,8500_15000,12_24,No,None,Remote_Only
POSCO_Energy,Public_Company,South_Korea_Pohang,Industrial_SOFC,Very_Low,POSCO_SOFC_Systems,50_500,48_58,Commercial,Limited,12,6570,None,None,4800_7500,6_12,No,Partial,Remote_Only
Ceramic_Fuel_Cells,Private_Company,Australia_Melbourne,Micro_CHP_SOFC,Very_Low,BlueGen_Systems,1.5_2,60_65,Commercial,Available,10,2920,None,None,12000_18000,4_8,No,None,Remote_Only
Kyocera,Public_Company,Japan_Kyoto,Residential_SOFC,Very_Low,ENE_FARM_Systems,0.7_1,40_45,Commercial,Available,10,2920,None,None,15000_25000,3_6,No,None,Remote_Only
Panasonic,Public_Company,Japan_Osaka,Residential_SOFC,Very_Low,ENE_FARM_Type_S,0.75_1,39_42,Commercial,Available,10,2920,None,None,16000_28000,2_4,No,None,Remote_Only
Aisin_Seiki,Public_Company,Japan_Kariya,Residential_SOFC,Very_Low,SOFC_Kogenelink,0.7_1,37_40,Commercial,Available,10,2920,None,None,18000_30000,3_6,No,None,Remote_Only
Toshiba,Public_Company,Japan_Tokyo,Residential_SOFC,Very_Low,ENE_FARM_Systems,0.7_1,39_42,Commercial,Available,10,2920,None,None,17000_29000,2_4,No,None,Remote_Only
JXTG_Nippon_Oil,Public_Company,Japan_Tokyo,Residential_SOFC,Very_Low,ENE_FARM_Systems,0.7_1,37_40,Commercial,Available,10,2920,None,None,19000_32000,3_6,No,None,Remote_Only
Elcogen,Private_Company,Estonia_Tallinn,SOFC_Stacks,Very_Low,ElcoGen_Stacks,1_100,50_60,Commercial,Available,5,4380,None,None,2500_4500,2_4,No,None,Remote_Only
SOLIDpower,Private_Company,Italy_Mezzolombardo,Micro_CHP_SOFC,Very_Low,BlueGEN_SOFC,1.5_2,60_65,Commercial,Available,10,2920,None,None,11000_17000,4_8,No,None,Remote_Only
Ballard_Power,Public_Company,Canada_Vancouver,SOFC_Stacks,Very_Low,FCgen_SOFC,5_200,45_55,Pre_Commercial,Development,7,4380,None,None,3800_6200,6_10,No,None,Remote_Only
Wärtsilä,Public_Company,Finland_Helsinki,Large_Scale_SOFC,Low,Wärtsilä_SOFC,500_5000,50_60,Pre_Commercial,Development,15,8760,Limited,Wartsila_Nigeria,5500_8500,12_20,Pending,Partial,Limited_Local
General_Electric,Public_Company,USA_Boston,Hybrid_SOFC_GT,Very_Low,GE_SOFC_Hybrid,1000_10000,55_65,Development,Future,20,8760,None,GE_Nigeria,7000_12000,18_36,No,None,Remote_Only
Nigerian_SOFC_Initiative,Government_Initiative,Nigeria_Abuja,Localized_SOFC,High,Prototype_Systems,1_50,40_50,Research,Future,3,2190,Planned,Government_Universities,2000_4000,24_48,Planned,Planned,Local_Development
University_of_Lagos_SOFC,Academic_Institution,Nigeria_Lagos,Research_SOFC,Medium,Laboratory_Prototypes,0.1_5,35_45,Research,Future,1,1095,Academic,UoL_Engineering,1500_3000,12_24,No,None,Academic_Only
Ahmadu_Bello_University_SOFC,Academic_Institution,Nigeria_Zaria,Research_SOFC,Medium,Research_Systems,0.5_10,38_48,Research,Future,2,1460,Academic,ABU_Engineering,1800_3500,18_36,No,None,Academic_Only
NNPC_SOFC_Project,State_Enterprise,Nigeria_Abuja,Gas_Utilization_SOFC,High,Pilot_Systems,10_100,45_55,Pilot,Future,5,4380,Planned,NNPC_Subsidiaries,3000_5500,36_60,Planned,Planned,Government_Support
Shell_Nigeria_SOFC,Multinational_Oil,Nigeria_Lagos,Flare_Gas_SOFC,Medium,Demonstration_Units,25_250,48_58,Pilot,Limited,10,6570,Limited,Shell_Nigeria,4500_7000,12_24,Pending,Limited,Corporate_Support