state,year,saidi_hours_per_year,saifi_interruptions_per_year,availability_percent,customer_base_thousands,avg_petrol_price_naira_per_liter,avg_diesel_price_naira_per_liter,biomass_energy_potential_twh,biomass_electricity_potential_mwh,daily_flaring_mmscf,annual_flaring_mmscf,co2_emissions_tonnes,economic_value_lost_usd_millions,sofc_priority_score,sofc_gas_availability_mmscf_per_day,sofc_power_potential_mw,sofc_economic_viability_score
Lagos,2024,12.24,46.09,99.86,124,233.73583333333332,262.28583333333336,19.422591666666666,94221.64216,0.0,0.0,0.0,0.0,4,0.0,0.0,3
Kano,2024,12.31,113.62,99.86,81,206.88666666666668,254.29666666666662,38.45825555555555,226814.22298,0.0,0.0,0.0,0.0,4,0.0,0.0,3
Rivers,2024,8.73,57.45,99.9,104,234.1258333333333,249.22416666666663,13.606933333333332,132037.08089,49.82,18185.420000000002,45.46,0.06,6,49.82,24.91,3
Oyo,2024,22.55,90.66,99.74,298,221.0666666666667,220.39833333333334,18.524541666666668,174726.45116,0.0,0.0,0.0,0.0,4,0.0,0.0,3
Kaduna,2024,24.51,64.55,99.72,312,211.8975,241.3366666666667,29.56771388888889,223538.1649,0.0,0.0,0.0,0.0,4,0.0,0.0,3
Enugu,2024,21.59,101.01,99.75,271,225.2458333333333,230.62916666666663,14.606294444444446,100943.40364,0.0,0.0,0.0,0.0,4,0.0,0.0,3
Delta,2024,18.79,113.66,99.79,330,224.88750000000002,233.08083333333332,10.0345,129557.02245,75.25,27467.879999999997,68.67,0.09,6,75.25,37.625,3
Ogun,2024,28.35,127.96,99.68,427,212.54250000000002,229.97583333333333,12.834161111111111,164584.59860000003,0.0,0.0,0.0,0.0,4,0.0,0.0,3
Anambra,2024,36.53,96.82,99.58,359,213.74250000000004,232.17083333333335,17.611272222222222,154166.4705,0.0,0.0,0.0,0.0,4,0.0,0.0,3
Imo,2024,42.97,127.33,99.51,338,215.9316666666667,241.05583333333334,12.250080555555556,102240.41638,0.0,0.0,0.0,0.0,4,0.0,0.0,3
Cross River,2024,30.07,146.22,99.66,88,196.24583333333337,250.70416666666665,6.678025,119685.57922,0.0,0.0,0.0,0.0,4,0.0,0.0,2
Plateau,2024,20.36,137.41,99.77,388,197.16916666666668,242.9,26.24915833333333,125501.12744,0.0,0.0,0.0,0.0,4,0.0,0.0,2
Bauchi,2024,42.68,148.07,99.51,135,207.0583333333333,253.75833333333335,35.37937222222222,180972.05547,0.0,0.0,0.0,0.0,4,0.0,0.0,3
Sokoto,2024,41.38,100.71,99.53,237,239.82999999999996,288.89416666666665,38.87013888888889,77179.16498,0.0,0.0,0.0,0.0,4,0.0,0.0,3
Borno,2024,28.45,142.14,99.68,219,238.78833333333338,277.18250000000006,33.736225,72609.00971,0.0,0.0,0.0,0.0,4,0.0,0.0,3
Yobe,2024,49.2,122.27,99.44,458,238.89083333333338,269.5216666666666,26.321213888888888,118885.91724,0.0,0.0,0.0,0.0,4,0.0,0.0,3
Adamawa,2024,24.63,142.4,99.72,189,242.68500000000003,254.35,25.797936111111117,83447.51086,0.0,0.0,0.0,0.0,4,0.0,0.0,3
Taraba,2024,46.08,150.9,99.47,292,221.05000000000004,230.26500000000001,23.302813888888885,106717.52081,0.0,0.0,0.0,0.0,4,0.0,0.0,3
Gombe,2024,28.2,122.09,99.68,227,220.51333333333332,233.08083333333335,32.93019722222222,161597.78481,0.0,0.0,0.0,0.0,4,0.0,0.0,3
Kebbi,2024,37.02,217.22,99.58,381,226.75250000000003,287.2025,32.187530555555554,103086.10302,0.0,0.0,0.0,0.0,4,0.0,0.0,3
Zamfara,2024,19.64,153.53,99.78,89,213.26250000000002,221.7591666666667,36.55430833333334,130068.48928,0.0,0.0,0.0,0.0,4,0.0,0.0,3
Katsina,2024,33.91,138.53,99.61,94,221.17583333333334,228.23749999999998,40.16366111111111,196126.88453,0.0,0.0,0.0,0.0,4,0.0,0.0,3
Jigawa,2024,30.97,180.87,99.65,255,213.09083333333334,224.835,33.14563611111112,164213.62577,0.0,0.0,0.0,0.0,4,0.0,0.0,3
Niger,2024,29.81,125.93,99.66,368,199.2108333333333,222.96166666666662,23.703869444444443,111648.70853,0.0,0.0,0.0,0.0,4,0.0,0.0,2
Kwara,2024,24.73,141.98,99.72,241,206.08499999999995,230.08416666666668,15.888672222222224,177510.155,0.0,0.0,0.0,0.0,4,0.0,0.0,3
Benue,2024,42.49,138.99,99.51,446,196.84166666666667,232.05916666666664,7.315508333333334,79538.9327,0.0,0.0,0.0,0.0,4,0.0,0.0,2
Nasarawa,2024,45.06,170.51,99.49,133,218.74499999999998,246.89750000000004,34.95106111111111,137365.28227000005,0.0,0.0,0.0,0.0,4,0.0,0.0,3
Edo,2024,35.99,114.16,99.59,194,221.2825,225.77416666666667,16.74900277777778,68346.46661,16.44,6000.28,15.0,0.02,6,16.44,8.22,3
Bayelsa,2024,25.65,126.93,99.71,389,209.24166666666667,246.5716666666667,12.632208333333333,130648.04102,26.770000000000003,9769.83,24.43,0.03,6,26.770000000000003,13.385000000000002,3
Akwa Ibom,2024,33.66,133.02,99.62,266,211.29416666666668,236.85833333333335,9.799236111111112,128228.71475,21.39,7807.17,19.52,0.02,6,21.39,10.695,3
Ebonyi,2024,31.21,156.15,99.64,51,198.18583333333336,254.62083333333337,15.29953888888889,99483.16118,0.0,0.0,0.0,0.0,4,0.0,0.0,2
Ekiti,2024,38.76,149.0,99.56,172,195.38083333333336,253.40833333333333,18.56721388888889,120535.26115999998,0.0,0.0,0.0,0.0,4,0.0,0.0,2
Osun,2024,24.03,202.06,99.73,459,224.53250000000003,218.33083333333332,11.85523888888889,122884.71169,0.0,0.0,0.0,0.0,4,0.0,0.0,3
Ondo,2024,31.0,92.7,99.65,349,194.02333333333334,245.3525,15.89644722222222,116778.86208,0.0,0.0,0.0,0.0,4,0.0,0.0,2
